{
  "project_info": {
    "project_number": "267281979263",
    "project_id": "fir-crud-app-ba3fd",
    "storage_bucket": "fir-crud-app-ba3fd.appspot.com"
  },
  "client": [
    {
      "client_info": {
        "mobilesdk_app_id": "1:267281979263:android:4e6c18ad2f98b087096c4a",
        "android_client_info": {
          "package_name": "com.example.mukrata"
        }
      },
      "oauth_client": [
        {
          "client_id": "267281979263-96ub9coe04j8uv3i6q553lqub4tu1nsl.apps.googleusercontent.com",
          "client_type": 3
        }
      ],
      "api_key": [
        {
          "current_key": "AIzaSyDZ4NFBNWopm5JEtRH_GMsZWOWGMFxg-aU"
        }
      ],
      "services": {
        "appinvite_service": {
          "other_platform_oauth_client": [
            {
              "client_id": "267281979263-96ub9coe04j8uv3i6q553lqub4tu1nsl.apps.googleusercontent.com",
              "client_type": 3
            }
          ]
        }
      }
    }
  ],
  "configuration_version": "1"
}